<changelogs>
    <changelog>
        <element>mod_prettyreviews</element>
        <type>module</type>
        <version>1.0.0</version>
        <addition>
            <item>First release of Pretty Reviews.</item>
        </addition>
    </changelog>
    <changelog>
        <element>mod_prettyreviews</element>
        <type>module</type>
        <version>1.0.1</version>
        <fix>
            <item>Fixed Update URL.</item>
        </fix>
    </changelog>
    <changelog>
        <element>mod_prettyreviews</element>
        <type>module</type>
        <version>1.0.2</version>
        <fix>
            <item>Improved / Fixed language strings.</item>
        </fix>
    </changelog>
    <changelog>
        <element>mod_prettyreviews</element>
        <type>module</type>
        <version>1.0.3</version>
        <fix>
            <item>Improved ajax call security.</item>
        </fix>
    </changelog>
    <changelog>
        <element>mod_prettyreviews</element>
        <type>module</type>
        <version>1.1.0</version>
        <fix>
            <item>Removed dumb hardcoded text.</item>
            <item>Fix bug with ajax request in Joomla 5</item>
        </fix>
        <addition>Option to limit amount of reviews to be displayed</addition>
        <addition>Option to display reviews by newest or random.</addition>
        <addition>Option to hide reviews without text.</addition>
    </changelog>
    <changelog>
        <element>mod_prettyreviews</element>
        <type>module</type>
        <version>1.1.1</version>
        <fix>
            <item>Added missing license in php file</item>
        </fix>
        <addition>
            <item>Option to limit amount of reviews to be displayed</item>
            <item>Option to display reviews by newest or random.</item>
            <item>Option to hide reviews without text.</item>
        </addition>
    </changelog>
    <changelog>
        <element>mod_prettyreviews</element>
        <type>module</type>
        <version>1.1.2</version>
        <fix>
            <item>Made the module fetching more robust with fallback</item>
        </fix>
    </changelog>
    <changelog>
        <element>mod_prettyreviews</element>
        <type>module</type>
        <version>1.1.3</version>
        <addition>
            <item>Joomla 6 compatibility</item>
        </addition>
    </changelog>
</changelogs>