<updates>
    <update>
        <name>Pretty Reviews 1.0.0</name>
        <description/>
        <element>mod_prettyreviews</element>
        <type>module</type>
        <version>1.0.0</version>
        <downloads>
            <downloadurl type="full" format="zip">
                https://github.com/TLWebdesignNL/Pretty-Reviews/archive/refs/tags/V1.0.0.zip
            </downloadurl>
        </downloads>
        <tags>
            <tag>stable</tag>
        </tags>
        <sha256>f8439b57bea1c444ed51b0be6a5f8d0c4a22e8f383924b3065565dc9918090c8</sha256>
        <maintainer>TLWebdesign</maintainer>
        <maintainerurl>https://www.tlwebdesign.nl/</maintainerurl>
        <section>Updates</section>
        <targetplatform name="joomla" version="4|5"/>
        <client>site</client>
    </update>
    <update>
        <name>Pretty Reviews 1.0.1</name>
        <description/>
        <element>mod_prettyreviews</element>
        <type>module</type>
        <version>1.0.1</version>
        <downloads>
            <downloadurl type="full" format="zip">
                https://github.com/TLWebdesignNL/Pretty-Reviews/archive/refs/tags/V1.0..zip
            </downloadurl>
        </downloads>
        <tags>
            <tag>stable</tag>
        </tags>
        <sha256>43630c180c154e12e1c846fa0ffdbd81fcec6c31da2fde58918befb3c7d56737</sha256>
        <maintainer>TLWebdesign</maintainer>
        <maintainerurl>https://www.tlwebdesign.nl/</maintainerurl>
        <section>Updates</section>
        <targetplatform name="joomla" version="4|5"/>
        <client>site</client>
    </update>
    <update>
        <name>Pretty Reviews 1.0.2</name>
        <description/>
        <element>mod_prettyreviews</element>
        <type>module</type>
        <version>1.0.2</version>
        <downloads>
            <downloadurl type="full" format="zip">
                https://github.com/TLWebdesignNL/Pretty-Reviews/archive/refs/tags/V1.0.2.zip
            </downloadurl>
        </downloads>
        <tags>
            <tag>stable</tag>
        </tags>
        <sha256>fa0b17dff82f85597cdfc06d8febc06e4f69066c289821cd1c9b816f1d6596cd</sha256>
        <maintainer>TLWebdesign</maintainer>
        <maintainerurl>https://www.tlwebdesign.nl/</maintainerurl>
        <section>Updates</section>
        <targetplatform name="joomla" version="4|5"/>
        <client>site</client>
    </update>
    <update>
        <name>Pretty Reviews 1.0.3</name>
        <description/>
        <element>mod_prettyreviews</element>
        <type>module</type>
        <version>1.0.3</version>
        <downloads>
            <downloadurl type="full" format="zip">
                https://github.com/TLWebdesignNL/Pretty-Reviews/archive/refs/tags/V1.0.3.zip
            </downloadurl>
        </downloads>
        <tags>
            <tag>stable</tag>
        </tags>
        <sha256>bc9869f57fc52243a92874d0eaa36c3937f7534f1599642a6f8d1ace5a11b1de</sha256>
        <maintainer>TLWebdesign</maintainer>
        <maintainerurl>https://www.tlwebdesign.nl/</maintainerurl>
        <section>Updates</section>
        <targetplatform name="joomla" version="4|5"/>
        <client>site</client>
    </update>
    <update>
        <name>Pretty Reviews 1.1.0</name>
        <description/>
        <element>mod_prettyreviews</element>
        <type>module</type>
        <version>1.1.0</version>
        <downloads>
            <downloadurl type="full" format="zip">
                https://github.com/TLWebdesignNL/Pretty-Reviews/archive/refs/tags/V1.1.0.zip
            </downloadurl>
        </downloads>
        <tags>
            <tag>stable</tag>
        </tags>
        <sha256>12eabf7d55570242cc479dca28396d484d3142326f20b30e6d82edfc3fbe8dba</sha256>
        <maintainer>TLWebdesign</maintainer>
        <maintainerurl>https://www.tlwebdesign.nl/</maintainerurl>
        <section>Updates</section>
        <targetplatform name="joomla" version="4|5"/>
        <client>site</client>
    </update>
    <update>
        <name>Pretty Reviews 1.1.1</name>
        <description/>
        <element>mod_prettyreviews</element>
        <type>module</type>
        <version>1.1.1</version>
        <downloads>
            <downloadurl type="full" format="zip">
                https://github.com/TLWebdesignNL/Pretty-Reviews/archive/refs/tags/V1.1.1.zip
            </downloadurl>
        </downloads>
        <tags>
            <tag>stable</tag>
        </tags>
        <sha256>7ccfc59b11ebfbe0322d515a17f78cc441a1071b3318034d570d354087ee3f44</sha256>
        <maintainer>TLWebdesign</maintainer>
        <maintainerurl>https://www.tlwebdesign.nl/</maintainerurl>
        <section>Updates</section>
        <targetplatform name="joomla" version="4|5"/>
        <client>site</client>
    </update>
    <update>
        <name>Pretty Reviews 1.1.2</name>
        <description/>
        <element>mod_prettyreviews</element>
        <type>module</type>
        <version>1.1.2</version>
        <downloads>
            <downloadurl type="full" format="zip">
                https://github.com/TLWebdesignNL/Pretty-Reviews/archive/refs/tags/V1.1.2.zip
            </downloadurl>
        </downloads>
        <tags>
            <tag>stable</tag>
        </tags>
        <sha256>dd7e0831a340a30e004be89d446d5f97ad28a0cf5919397dad2c97767dd2e2e2</sha256>
        <maintainer>TLWebdesign</maintainer>
        <maintainerurl>https://www.tlwebdesign.nl/</maintainerurl>
        <section>Updates</section>
        <targetplatform name="joomla" version="4|5"/>
        <client>site</client>
    </update>
    <update>
        <name>Pretty Reviews 1.1.3</name>
        <description/>
        <element>mod_prettyreviews</element>
        <type>module</type>
        <version>1.1.3</version>
        <downloads>
            <downloadurl type="full" format="zip">
                https://github.com/TLWebdesignNL/Pretty-Reviews/archive/refs/tags/V1.1.3.zip
            </downloadurl>
        </downloads>
        <tags>
            <tag>stable</tag>
        </tags>
        <sha256></sha256>
        <maintainer>TLWebdesign</maintainer>
        <maintainerurl>https://www.tlwebdesign.nl/</maintainerurl>
        <section>Updates</section>
        <targetplatform name="joomla" version="4|5|6"/>
        <client>site</client>
    </update>
</updates>